Ref,Val,Package,PosX,PosY,Rot,Side
"C29","100pF DEC3","C_0603_1608Metric",167.400000,-110.000000,180.000000,bottom
"AE1","2450AT18A100E","ANT-SMD_L3.2-W1.6",196.000000,-103.500000,0.000000,top
"C23","4.7uF","C_0805_2012Metric",150.000000,-101.500000,0.000000,top
"C24","100nF","C_0603_1608Metric",150.000000,-104.000000,0.000000,top
"C25","100nF","C_0603_1608Metric",150.000000,-106.200000,0.000000,top
"C26","100nF","C_0603_1608Metric",150.000000,-108.400000,0.000000,top
"C27","100nF DEC1","C_0603_1608Metric",150.000000,-110.600000,0.000000,top
"C28","100nF DEC2","C_0603_1608Metric",150.000000,-112.800000,0.000000,top
"C30","1uF DEC4","C_0603_1608Metric",150.000000,-117.200000,0.000000,top
"C31","1uF DEC5","C_0603_1608Metric",153.700000,-101.500000,0.000000,top
"C32","1uF DEC6","C_0603_1608Metric",153.700000,-103.800000,0.000000,top
"C33","4.7uF DECUSB","C_0805_2012Metric",153.700000,-106.200000,0.000000,top
"C34","12pF","C_0603_1608Metric",176.100000,-105.400000,0.000000,top
"C35","12pF","C_0603_1608Metric",172.800000,-105.400000,0.000000,top
"C36","20pF","C_0603_1608Metric",155.300000,-112.345000,180.000000,top
"C37","20pF","C_0603_1608Metric",155.300000,-114.655000,180.000000,top
"C38","100nF","C_0603_1608Metric",153.700000,-117.500000,0.000000,top
"C39","10uF","C_0805_2012Metric",148.000000,-119.500000,0.000000,top
"C42","1uF","C_0603_1608Metric",121.000000,-135.000000,0.000000,top
"C43","4.7uF","C_0805_2012Metric",121.000000,-139.000000,0.000000,top
"C44","4.7uF","C_0805_2012Metric",130.000000,-137.000000,90.000000,top
"C45","10uF 6.3V X5R","C_0805_2012Metric",136.000000,-131.500000,0.000000,top
"C46","10uF 6.3V X5R","C_0805_2012Metric",140.000000,-131.500000,0.000000,top
"C47","100nF","C_0603_1608Metric",146.000000,-131.500000,90.000000,top
"C48","22uF 6.3V X5R","C_0805_2012Metric",149.000000,-134.000000,90.000000,top
"C49","22uF 6.3V X5R","C_0805_2012Metric",151.500000,-140.000000,90.000000,top
"C50","22uF 6.3V X5R","C_0805_2012Metric",142.000000,-147.000000,0.000000,top
"C51","1uF","C_0603_1608Metric",132.000000,-130.000000,0.000000,top
"C52","1.0pF C0G RF (Nordic ref)","C_0201_0603Metric",169.200000,-109.500000,0.000000,top
"C53","2.0pF C0G RF (Nordic ref)","C_0201_0603Metric",179.250000,-109.820000,90.000000,top
"C54","1.0pF C0G RF (Nordic ref)","C_0201_0603Metric",181.950000,-109.820000,90.000000,top
"C55","100nF","C_0603_1608Metric",154.000000,-121.000000,0.000000,top
"C56","10uF","C_0805_2012Metric",154.000000,-136.500000,0.000000,top
"C57","100nF","C_0603_1608Metric",154.000000,-128.500000,0.000000,top
"C58","10uF","C_0805_2012Metric",154.000000,-133.500000,0.000000,top
"C59","100nF","C_0603_1608Metric",154.000000,-131.000000,0.000000,top
"C60","10uF","C_0805_2012Metric",154.000000,-123.500000,0.000000,top
"C61","2.2uF","C_0603_1608Metric",170.113000,-130.382000,0.000000,top
"C62","2.2uF","C_0603_1608Metric",159.147000,-124.862000,180.000000,top
"C63","100nF","C_0603_1608Metric",158.000000,-130.500000,0.000000,top
"C64","2.2nF C0G","C_0603_1608Metric",158.000000,-133.500000,0.000000,top
"C65","2.2nF C0G","C_0603_1608Metric",154.000000,-126.000000,0.000000,top
"C66","1uF","C_0603_1608Metric",170.200000,-124.953000,0.000000,top
"C67","1uF","C_0603_1608Metric",175.000000,-121.000000,0.000000,top
"C68","1uF","C_0603_1608Metric",170.177000,-128.603000,180.000000,top
"C69","1uF","C_0603_1608Metric",184.250000,-120.000000,0.000000,top
"C70","2.2uF","C_0603_1608Metric",173.750000,-127.625000,180.000000,top
"C71","2.2uF","C_0603_1608Metric",162.089000,-122.383000,0.000000,top
"C72","100nF","C_0603_1608Metric",173.000000,-119.000000,0.000000,top
"C73","100nF","C_0603_1608Metric",158.000000,-137.000000,0.000000,top
"C74","1uF","C_0603_1608Metric",158.000000,-121.000000,0.000000,top
"C75","470nF","C_0603_1608Metric",170.058000,-132.148000,180.000000,top
"C76","2.2uF","C_0603_1608Metric",170.031000,-121.368000,180.000000,top
"C77","68nF","C_0603_1608Metric",178.000000,-144.000000,180.000000,top
"C78","100nF C0G","C_1206_3216Metric",174.000000,-141.000000,0.000000,top
"C79","1uF","C_0603_1608Metric",174.000000,-137.500000,0.000000,top
"D1","PESD5V0S1UL CC1","SOD-882_L1.0-W0.6-RD",107.000000,-129.000000,0.000000,top
"D2","PESD5V0S1UL CC2","SOD-882_L1.0-W0.6-RD",110.500000,-129.000000,0.000000,top
"D3","SMF5.0A VBUS TVS","SOD-123F_L2.8-W1.8-LS3.7-RD",110.000000,-142.000000,90.000000,top
"J4","TYPE-C-31-M-12","USB_C_Receptacle_HRO_TYPE-C-31-M-12",104.200000,-140.000000,90.000000,top
"J5","LiPo + NTC","JST_GH_BM03B-GHS-TBT_1x03-1MP_P1.25mm_Vertical",133.000000,-146.500000,180.000000,top
"J6","PJ-327C-4A Headphones","AUDIO-SMD_PJ-327C-4A",193.500000,-122.000000,-90.000000,top
"J7","PJ-327C-4A Microphone","AUDIO-SMD_PJ-327C-4A",193.500000,-137.000000,-90.000000,top
"J8","ESP FACTORY","PinHeader_1x06_P2.54mm_Vertical",160.000000,-146.000000,90.000000,top
"L1","10uH >=100mA","L_0603_1608Metric",157.500000,-107.500000,0.000000,top
"L2","XFL4020-152MEC 1.5uH","IND-SMD_L4.0-W4.0-A",137.700000,-137.000000,90.000000,top
"L3","1.9nH RF (Nordic ref)","L_0201_0603Metric",177.900000,-110.140000,0.000000,top
"L4","3.0nH RF (Nordic ref)","L_0201_0603Metric",180.600000,-110.140000,0.000000,top
"R12","0R antenna tune","R_0201_0603Metric",190.500000,-103.500000,0.000000,top
"R13","33R","R_0603_1608Metric",169.250000,-115.750000,90.000000,top
"R14","33R","R_0603_1608Metric",171.250000,-115.750000,90.000000,top
"R15","10k","R_0603_1608Metric",173.250000,-115.750000,90.000000,top
"R16","5.1k 1%","R_0603_1608Metric",107.000000,-131.500000,0.000000,top
"R17","5.1k 1%","R_0603_1608Metric",110.500000,-131.500000,0.000000,top
"R18","1.13k 1%","R_0603_1608Metric",124.000000,-132.000000,0.000000,top
"R19","4.12k 1%","R_0603_1608Metric",128.000000,-132.000000,0.000000,top
"R20","46.4k 1%","R_0603_1608Metric",132.000000,-134.000000,90.000000,top
"R22","1M 1%","R_0603_1608Metric",137.000000,-142.000000,0.000000,top
"R23","180k 1%","R_0603_1608Metric",141.000000,-142.000000,0.000000,top
"R24","1M","R_0603_1608Metric",139.000000,-145.000000,0.000000,top
"R25","10k","R_0603_1608Metric",124.000000,-130.000000,0.000000,top
"R26","10k","R_0603_1608Metric",128.000000,-130.000000,0.000000,top
"R27","49.9R 1% ANT2 termination","R_0201_0603Metric",178.400000,-108.200000,0.000000,top
"R28","33k FEM MODE","R_0603_1608Metric",178.500000,-115.500000,90.000000,top
"R29","470R","R_0603_1608Metric",161.500000,-136.500000,180.000000,top
"R30","470R","R_0603_1608Metric",160.000000,-140.000000,90.000000,top
"R31","18k","R_0603_1608Metric",177.648000,-127.668000,0.000000,top
"R32","18k","R_0603_1608Metric",173.750000,-125.875000,0.000000,top
"R33","100k","R_0603_1608Metric",175.000000,-124.000000,0.000000,top
"R34","150k","R_0603_1608Metric",176.000000,-134.000000,180.000000,top
"R35","100k","R_0603_1608Metric",172.500000,-134.000000,180.000000,top
"R36","2.2k","R_0603_1608Metric",185.500000,-126.750000,0.000000,top
"R37","100k","R_0603_1608Metric",156.750000,-139.725000,0.000000,top
"R38","22R USB D-","R_0603_1608Metric",115.000000,-135.500000,0.000000,top
"R39","22R USB D+","R_0603_1608Metric",115.000000,-138.000000,0.000000,top
"R40","100k USB100 default","R_0603_1608Metric",124.000000,-142.000000,0.000000,top
"R41","100k EN pulldown","R_0603_1608Metric",147.000000,-140.500000,90.000000,top
"R42","0R SHIELD BOND","R_0603_1608Metric",103.500000,-131.500000,0.000000,top
"SW1","ESP RESET","SW_Push_1P1T_XKB_TS-1187A",116.000000,-147.000000,0.000000,top
"SW2","ESP BOOT","SW_Push_1P1T_XKB_TS-1187A",124.500000,-147.000000,0.000000,top
"SW3","POWER ON/OFF","SW_SPDT_Shouhan_MSK12C02",151.000000,-146.700000,0.000000,top
"U1","ESP32-S3-WROOM-1","ESP32-S3-WROOM-1",122.000000,-114.000000,0.000000,top
"U2","NRF52840-QIAA-R","AQFN-73_L7.0-W7.0-P0.50-BL-EP4.8",164.000000,-110.500000,-90.000000,top
"U3","NRF21540-QDAA-R","QFN-16_L4.0-W4.0-P0.65-BL-EP2.7",174.000000,-109.840000,90.000000,top
"U4","BQ24074RGTR","QFN-16_L3.0-W3.0-P0.50-TL-EP1.7",126.000000,-137.000000,0.000000,top
"U5","TPS63020DSJR","VSON-14_L4.0-W3.0-P0.50-BL-EP_TI_DSJ",143.000000,-137.000000,180.000000,top
"U6","USBLC6-2SC6","SOT-23-6_L2.9-W1.6-P0.95-LS2.8-BL",111.000000,-137.000000,-90.000000,top
"U7","PCM5102APWR","TSSOP-20_L6.5-W4.4-P0.65-LS6.4-BL",164.000000,-130.000000,0.000000,top
"U8","MAX9814ETD+T","TDFN-14_L3.0-W3.0-P0.40-BL-EP",180.000000,-138.000000,0.000000,top
"U9","TPA6132A2RTER","WQFN-16_L3.0-W3.0-P0.50-TL-EP1.6",180.000000,-123.000000,0.000000,top
"Y1","32MHz 8pF","CRYSTAL-SMD_4P-L3.2-W2.5-BL",175.000000,-102.200000,180.000000,top
"Y2","32.768kHz 12.5pF","OSC-SMD_L3.2-W1.5",158.300000,-113.500000,-90.000000,top
